[
  {
    "platform" : "IPHONE",
    "searchTime" : "2022-01-20T16:08:04.958Z[UTC]",
    "searchQuery" : "learning pyt",
    "searchInteractionURIs" : [
      "spotify:episode:6TugV5QLAcCUqMeHl5szmv",
      "spotify:show:7I5YdGO1jGUqtzHDVGXDvu"
    ]
  },
  {
    "platform" : "IPHONE",
    "searchTime" : "2022-01-20T16:34:05.792Z[UTC]",
    "searchQuery" : "learning pyt",
    "searchInteractionURIs" : [
    ]
  },
  {
    "platform" : "IPHONE",
    "searchTime" : "2022-01-22T00:01:51.573Z[UTC]",
    "searchQuery" : "runaqa",
    "searchInteractionURIs" : [
      "spotify:track:1v1oIWf2Xgh54kIWuKsDf6"
    ]
  },
  {
    "platform" : "IPHONE",
    "searchTime" : "2022-02-05T12:07:50.524Z[UTC]",
    "searchQuery" : "ladiff",
    "searchInteractionURIs" : [
      "spotify:playlist:5PW8MLdvfwZfq4OtfQSkTc"
    ]
  },
  {
    "platform" : "IPHONE",
    "searchTime" : "2022-02-05T15:22:38.365Z[UTC]",
    "searchQuery" : "prada",
    "searchInteractionURIs" : [
      "spotify:artist:3Yn9lP2nlhjqV0dhtYDigs"
    ]
  },
  {
    "platform" : "IPHONE",
    "searchTime" : "2022-02-09T12:35:09.246Z[UTC]",
    "searchQuery" : "vö",
    "searchInteractionURIs" : [
    ]
  },
  {
    "platform" : "IPHONE",
    "searchTime" : "2022-02-09T12:36:19.727Z[UTC]",
    "searchQuery" : "lil ",
    "searchInteractionURIs" : [
      "spotify:artist:4O15NlyKLIASxsJ0PrXPfz",
      "spotify:artist:2kCcBybjl3SAtIcwdWpUe3"
    ]
  },
  {
    "platform" : "IPHONE",
    "searchTime" : "2022-02-09T12:37:31.677Z[UTC]",
    "searchQuery" : "life is be",
    "searchInteractionURIs" : [
      "spotify:track:5rYpwP1dHWGVMrSZbTmt3e"
    ]
  },
  {
    "platform" : "IPHONE",
    "searchTime" : "2022-02-18T23:53:00.998Z[UTC]",
    "searchQuery" : "machine le",
    "searchInteractionURIs" : [
      "spotify:show:5M9yZpSyF1jc7uFp2MlhP9",
      "spotify:show:1LaCr5TFAgYPK5qHjP3XDp"
    ]
  },
  {
    "platform" : "IPHONE",
    "searchTime" : "2022-02-18T23:53:20.625Z[UTC]",
    "searchQuery" : "data sc",
    "searchInteractionURIs" : [
      "spotify:show:4Sacw5UzY7utm6coTEHS0h",
      "spotify:show:6hSzpRbjgnXaUxU6nt1f1H",
      "spotify:show:63diy2DtpHzQfeNVxAPZgU",
      "spotify:show:57AJ6GiMDPVBLGRqvjeoz6"
    ]
  },
  {
    "platform" : "IPHONE",
    "searchTime" : "2022-02-19T08:55:59.147Z[UTC]",
    "searchQuery" : "data sc",
    "searchInteractionURIs" : [
    ]
  },
  {
    "platform" : "IPHONE",
    "searchTime" : "2022-02-28T15:36:12.929Z[UTC]",
    "searchQuery" : "niklass st",
    "searchInteractionURIs" : [
      "spotify:show:6HSJIxbH7yoD4EW5IV8ogs",
      "spotify:show:6HSJIxbH7yoD4EW5IV8ogs"
    ]
  },
  {
    "platform" : "IPHONE",
    "searchTime" : "2022-02-28T16:06:45.437Z[UTC]",
    "searchQuery" : "niklass st",
    "searchInteractionURIs" : [
    ]
  },
  {
    "platform" : "IPHONE",
    "searchTime" : "2022-03-01T08:08:15.234Z[UTC]",
    "searchQuery" : "niklass st",
    "searchInteractionURIs" : [
    ]
  },
  {
    "platform" : "IPHONE",
    "searchTime" : "2022-03-01T23:31:45.853Z[UTC]",
    "searchQuery" : "nikla",
    "searchInteractionURIs" : [
      "spotify:show:6HSJIxbH7yoD4EW5IV8ogs"
    ]
  },
  {
    "platform" : "IPHONE",
    "searchTime" : "2022-03-02T08:28:04.215Z[UTC]",
    "searchQuery" : "nikla",
    "searchInteractionURIs" : [
    ]
  },
  {
    "platform" : "IPHONE",
    "searchTime" : "2022-03-02T17:06:49.431Z[UTC]",
    "searchQuery" : "nikla",
    "searchInteractionURIs" : [
    ]
  },
  {
    "platform" : "IPHONE",
    "searchTime" : "2022-03-03T14:42:52.333Z[UTC]",
    "searchQuery" : "lvl ",
    "searchInteractionURIs" : [
      "spotify:track:7d4n4e0kEEVsxl93xzWcvG"
    ]
  },
  {
    "platform" : "IPHONE",
    "searchTime" : "2022-03-04T00:35:00.845Z[UTC]",
    "searchQuery" : "lvl ",
    "searchInteractionURIs" : [
    ]
  },
  {
    "platform" : "IPHONE",
    "searchTime" : "2022-03-04T09:48:24.416Z[UTC]",
    "searchQuery" : "lvl ",
    "searchInteractionURIs" : [
    ]
  },
  {
    "platform" : "IPHONE",
    "searchTime" : "2022-03-12T11:25:47.495Z[UTC]",
    "searchQuery" : "groovy roo",
    "searchInteractionURIs" : [
      "spotify:artist:29HqjVbJr3vsc2l6BTI4eB"
    ]
  },
  {
    "platform" : "IPHONE",
    "searchTime" : "2022-03-12T14:25:17.510Z[UTC]",
    "searchQuery" : "groovy roo",
    "searchInteractionURIs" : [
    ]
  },
  {
    "platform" : "IPHONE",
    "searchTime" : "2022-03-13T09:26:41.002Z[UTC]",
    "searchQuery" : "snow",
    "searchInteractionURIs" : [
      "spotify:track:7uoFMmxln0GPXQ0AcCBXRq"
    ]
  },
  {
    "platform" : "IPHONE",
    "searchTime" : "2022-03-18T19:13:33.702Z[UTC]",
    "searchQuery" : "demo",
    "searchInteractionURIs" : [
      "spotify:playlist:2ZdjaOmiWJPiNRaBjjx2le"
    ]
  },
  {
    "platform" : "IPHONE",
    "searchTime" : "2022-03-18T19:13:34.256Z[UTC]",
    "searchQuery" : "demo. ",
    "searchInteractionURIs" : [
      "spotify:playlist:2ZdjaOmiWJPiNRaBjjx2le"
    ]
  },
  {
    "platform" : "IPHONE",
    "searchTime" : "2022-03-19T01:18:50.919Z[UTC]",
    "searchQuery" : "demo. ",
    "searchInteractionURIs" : [
    ]
  },
  {
    "platform" : "IPHONE",
    "searchTime" : "2022-03-19T09:58:18.543Z[UTC]",
    "searchQuery" : "demo. ",
    "searchInteractionURIs" : [
    ]
  },
  {
    "platform" : "IPHONE",
    "searchTime" : "2022-03-23T17:05:54.269Z[UTC]",
    "searchQuery" : "blende",
    "searchInteractionURIs" : [
      "spotify:track:38avNxmHzWN8NG1NNhAFqJ"
    ]
  },
  {
    "platform" : "IPHONE",
    "searchTime" : "2022-03-23T17:05:57.674Z[UTC]",
    "searchQuery" : "blender ",
    "searchInteractionURIs" : [
      "spotify:episode:01d1wQqzxy4SzI6p0M8Tbs"
    ]
  },
  {
    "platform" : "IPHONE",
    "searchTime" : "2022-03-23T17:06:14.099Z[UTC]",
    "searchQuery" : "unity ",
    "searchInteractionURIs" : [
      "spotify:show:4oDt6zXoS803fG5XJa1zza"
    ]
  },
  {
    "platform" : "IPHONE",
    "searchTime" : "2022-03-23T17:32:53.197Z[UTC]",
    "searchQuery" : "unity ",
    "searchInteractionURIs" : [
    ]
  }
]