{
  "tracks": [
    {
      "artist": "A Samurai In Tokyo",
      "album": "Demon Slayer Lofi",
      "track": "Demon Slayer (Rengoku Theme)",
      "uri": "spotify:track:3qRsP0eSKX24wIuXdT25F8"
    },
    {
      "artist": "UNIKID",
      "album": "Choose Me",
      "track": "Choose Me",
      "uri": "spotify:track:7pWsD2FP5XF9nuIbTmVxb4"
    },
    {
      "artist": "Lxst",
      "album": "Lost",
      "track": "Lit",
      "uri": "spotify:track:48Bw8ik6vSgS4RYXmeiAhM"
    },
    {
      "artist": "Ethan Ross",
      "album": "katana",
      "track": "katana",
      "uri": "spotify:track:6HgvW7GRxVZiMc7TlVvGG2"
    },
    {
      "artist": "Karri",
      "album": "Rosetta",
      "track": "Rosetta",
      "uri": "spotify:track:1UooOpZ9LTGd3WEgbeioy7"
    },
    {
      "artist": "DIVISION",
      "album": "Walk Away",
      "track": "Walk Away",
      "uri": "spotify:track:3A3CFJGDsEnC7HZiBWf4az"
    },
    {
      "artist": "Kodoku",
      "album": "Toxins",
      "track": "Toxins",
      "uri": "spotify:track:1jVxZ193toEjUyVxfuzXGC"
    },
    {
      "artist": "A Samurai In Tokyo",
      "album": "Demon Slayer Lofi",
      "track": "Demon Slayer (Akaza Theme)",
      "uri": "spotify:track:3u9tPCov8m1xu4m0ZNwVRx"
    },
    {
      "artist": "Mirani",
      "album": "VALORANT / Can′t Slow Me Down",
      "track": "Can′t Slow Me Down",
      "uri": "spotify:track:66wSpvsxSBGBBnHax8VB9S"
    },
    {
      "artist": "Exyz",
      "album": "Reiraku",
      "track": "Reiraku",
      "uri": "spotify:track:6DGWrNJKJtQfbhAdMD6Tih"
    },
    {
      "artist": "Kevin Powers",
      "album": "roddy",
      "track": "roddy",
      "uri": "spotify:track:7c2FM0OwRpWGyCtOVltvqi"
    },
    {
      "artist": "Kam Prada",
      "album": "Bora Bora",
      "track": "Bora Bora",
      "uri": "spotify:track:47Q9afyibFNVlCpOQ4ITgz"
    },
    {
      "artist": "XXXTENTACION",
      "album": "?",
      "track": "SAD!",
      "uri": "spotify:track:3ee8Jmje8o58CHK66QrVC2"
    },
    {
      "artist": "Marco Luka",
      "album": "big talk",
      "track": "big talk",
      "uri": "spotify:track:4lghbrxf9haQUp6BuRjAEq"
    },
    {
      "artist": "Dustystaytrue",
      "album": "Talk Tough",
      "track": "Talk Tough",
      "uri": "spotify:track:4HlwrvZ1Onf2Vh8PJtIvtE"
    },
    {
      "artist": "1nonly",
      "album": "Bunny Girl",
      "track": "Bunny Girl",
      "uri": "spotify:track:7KVBqGLGhrEejVokzYd8vF"
    },
    {
      "artist": "LAYNE",
      "album": "Kickback",
      "track": "Kickback",
      "uri": "spotify:track:3QcRJCzYXbyPpBhEg4xD9y"
    },
    {
      "artist": "Villent",
      "album": "Reason",
      "track": "Reason",
      "uri": "spotify:track:2JwRGKjmfIt9ngBWrh4fPT"
    },
    {
      "artist": "Lil Skies",
      "album": "Unbothered",
      "track": "Riot",
      "uri": "spotify:track:16U1C1VQYroAaCvqZq2oO8"
    },
    {
      "artist": "Lil Story",
      "album": "2 Dangerous",
      "track": "2 Dangerous",
      "uri": "spotify:track:0SXjgV1OM3LLRmYrKa8suC"
    },
    {
      "artist": "The Kid LAROI",
      "album": "Diva (feat. Lil Tecca)",
      "track": "Diva (feat. Lil Tecca)",
      "uri": "spotify:track:7gVwgc8b3XnO87TpmXXFA5"
    },
    {
      "artist": "KILLBOY",
      "album": "U + ME",
      "track": "U + ME",
      "uri": "spotify:track:1IbCPUSDzkUzDnpkuQu5h0"
    },
    {
      "artist": "A Boogie Wit da Hoodie",
      "album": "B4 AVA",
      "track": "Man in the Mirror",
      "uri": "spotify:track:7uLFOXgLrS90tEYPO1DGXy"
    },
    {
      "artist": "Astera",
      "album": "Origin",
      "track": "Origin",
      "uri": "spotify:track:7niCSkH0vmS6Cr56q7aUqA"
    },
    {
      "artist": "Bidlo",
      "album": "Million Gems Business",
      "track": "Returns To Dreamland 4",
      "uri": "spotify:track:7vn5w0HsPhh1Bo4eRcsoFO"
    },
    {
      "artist": "Bankrol Hayden",
      "album": "Come Through (feat. Lil Tecca)",
      "track": "Come Through (feat. Lil Tecca)",
      "uri": "spotify:track:3RoCi49XvcidDK7OqGw7fb"
    },
    {
      "artist": "A Samurai In Tokyo",
      "album": "Demon Slayer Lofi",
      "track": "Demon Slayer (Zenitsu Theme)",
      "uri": "spotify:track:60jPJVTVNvmuc2ptpJVW5w"
    },
    {
      "artist": "sad chill",
      "album": "Celestial Mixtape",
      "track": "satellites",
      "uri": "spotify:track:6mUi95YMgPya7iPxigvrIn"
    },
    {
      "artist": "Blankz",
      "album": "Ice Queen",
      "track": "Ice Queen",
      "uri": "spotify:track:0UPrL1su8VlZJh2Tmi16Pb"
    },
    {
      "artist": "Tiësto",
      "album": "The Motto",
      "track": "The Motto",
      "uri": "spotify:track:18asYwWugKjjsihZ0YvRxO"
    },
    {
      "artist": "NICOLOSI",
      "album": "Everywhere But Here",
      "track": "Wasted Time",
      "uri": "spotify:track:5KZH6cDhuy10eCFV3iEZS2"
    },
    {
      "artist": "Mobb Deep",
      "album": "The Infamous",
      "track": "Shook Ones, Pt. II",
      "uri": "spotify:track:33ZXjLCpiINn8eQIDYEPTD"
    },
    {
      "artist": "TheHxliday",
      "album": "Thank U",
      "track": "Thank U",
      "uri": "spotify:track:5iSmWab5TvaHaWwJyVSf5i"
    },
    {
      "artist": "7ru7h",
      "album": "No Love, No Stress",
      "track": "No Love, No Stress",
      "uri": "spotify:track:0PKZrqr6PM5PNRUPrcUauT"
    },
    {
      "artist": "Hoodie Rob Uzumaki",
      "album": "Misa Misa",
      "track": "Misa Misa",
      "uri": "spotify:track:5gcqgCwPxe8a7ybFzjHjvc"
    },
    {
      "artist": "YSB Tril",
      "album": "All Da Action",
      "track": "All Da Action",
      "uri": "spotify:track:1s5HwZMQx10NeGYO0cFW3p"
    },
    {
      "artist": "AJ Gravity",
      "album": "Brag",
      "track": "Brag",
      "uri": "spotify:track:7CoV64l2kDTuv2Y0sMA7ko"
    },
    {
      "artist": "Alle Farben",
      "album": "Sticker on My Suitcase",
      "track": "Only Thing We Know",
      "uri": "spotify:track:3mLU745PdpAANfT4FxFxGC"
    },
    {
      "artist": "Nareg",
      "album": "Still Flexin",
      "track": "Still Flexin",
      "uri": "spotify:track:0IKQ5E7T0wNJKJKGwTUr6B"
    },
    {
      "artist": "Ty Dolla $ign",
      "album": "Featuring Ty Dolla $ign",
      "track": "Spicy (feat. Post Malone)",
      "uri": "spotify:track:5IUtvfNvOyVYZUa6AJFrnP"
    },
    {
      "artist": "Roderick Porter",
      "album": "POISON!",
      "track": "POISON!",
      "uri": "spotify:track:0okaDpkRq0rpIuf1dC0VEr"
    },
    {
      "artist": "Zach Diamond",
      "album": "Isolation",
      "track": "Isolation",
      "uri": "spotify:track:18SRNuYjTHSRiNcnWwKrbA"
    },
    {
      "artist": "Kam Prada",
      "album": "Fast Life",
      "track": "Fast Life",
      "uri": "spotify:track:7qznIixO5DaphVjiG3QNH9"
    },
    {
      "artist": "Gentrammel",
      "album": "Out Of My Mind",
      "track": "Out Of My Mind",
      "uri": "spotify:track:01UeBfllW39eaKdiCw556R"
    },
    {
      "artist": "Blanco",
      "album": "Over",
      "track": "Over",
      "uri": "spotify:track:7zYHNDrJBRzZvKwtpl1tdM"
    },
    {
      "artist": "Jack Kays",
      "album": "MIXED EMOTIONS",
      "track": "TIRED",
      "uri": "spotify:track:4Inbxx2NC85JXTjcyyDlTa"
    },
    {
      "artist": "Lil Sil",
      "album": "91",
      "track": "91",
      "uri": "spotify:track:2ws242sJGyVjrknO0417JB"
    },
    {
      "artist": "Octavian",
      "album": "Papi Chulo",
      "track": "Papi Chulo",
      "uri": "spotify:track:6Juv5N0dNU1imms9c9u1dA"
    },
    {
      "artist": "Chiqui",
      "album": "Sin Miedo",
      "track": "Sin Miedo",
      "uri": "spotify:track:4j0gRxe0GLCPphAlTpo9nM"
    },
    {
      "artist": "Azide",
      "album": "Getting My Dough",
      "track": "Getting My Dough",
      "uri": "spotify:track:4G0r2nnWpsXKISpPSuTeMs"
    },
    {
      "artist": "Dustystaytrue",
      "album": "Never Change",
      "track": "Never Change",
      "uri": "spotify:track:1d6XDNrd6AjQiGHHVnTrfv"
    },
    {
      "artist": "Bankrol Hayden",
      "album": "No Drama",
      "track": "No Drama",
      "uri": "spotify:track:1YmyHCxLKjLBBNQU51yQOh"
    },
    {
      "artist": "COTIS",
      "album": "RECKLESS",
      "track": "Reasons",
      "uri": "spotify:track:3l9VCXMSoS1KBRhkCU5zuO"
    },
    {
      "artist": "Jbrisko",
      "album": "Colossal Universe City",
      "track": "Everybody Type",
      "uri": "spotify:track:4fs8ZLc216GtLogfMnUQAj"
    },
    {
      "artist": "MoonFi",
      "album": "MORE.",
      "track": "MORE.",
      "uri": "spotify:track:2tqEhJkyCbXYjcUp6i9WbN"
    },
    {
      "artist": "Tommy Ice",
      "album": "You & Me",
      "track": "You & Me",
      "uri": "spotify:track:12HWdKlpYI9wbXO6WbSiKk"
    },
    {
      "artist": "Tommy Ice",
      "album": "Forever",
      "track": "Forever",
      "uri": "spotify:track:6PAr1wwpxJQhHn2c6wKN4O"
    }
  ],
  "albums": [
    {
      "artist": "Tenno",
      "album": "The Inner Light",
      "uri": "spotify:album:1kAPNIxY8xwkkPTRSOnXLw"
    },
    {
      "artist": "Nogymx",
      "album": "Howling",
      "uri": "spotify:album:0zL6KKlSsNDf8gl9nbsUX5"
    },
    {
      "artist": "Rick Riordan",
      "album": "Helden des Olymp, Teil 5: Das Blut des Olymp",
      "uri": "spotify:album:64JjHnrEq8RhANeEmPUa98"
    },
    {
      "artist": "DaniSogen",
      "album": "Enchantments",
      "uri": "spotify:album:3pnQTiRo5pDwVeF4QepEa5"
    },
    {
      "artist": "Rick Riordan",
      "album": "Percy Jackson, Teil 4: Die Schlacht um das Labyrinth",
      "uri": "spotify:album:61MNhnLF8ThDg59WApRQdd"
    },
    {
      "artist": "JazzyCal",
      "album": "Lights of Hoshi",
      "uri": "spotify:album:2K6ZuSgveOVYdgFyiYbpbk"
    },
    {
      "artist": "Dennis Sand",
      "album": "Montanablack",
      "uri": "spotify:album:15euzYFHq6EncYU9Gw9rmF"
    },
    {
      "artist": "Hans Zimmer",
      "album": "Seven Worlds One Planet (Original Television Soundtrack) (Expanded Edition)",
      "uri": "spotify:album:5NAP6K8OIcrVeUMc7H0v7a"
    },
    {
      "artist": "C418",
      "album": "Minecraft - Volume Alpha",
      "uri": "spotify:album:3Gt7rOjcZQoHCfnKl5AkK7"
    },
    {
      "artist": "Rick Riordan",
      "album": "Helden des Olymp, Teil 2: Der Sohn des Neptun",
      "uri": "spotify:album:0rMRlibnVKBDF1bay7TBVc"
    },
    {
      "artist": "Julien Bam",
      "album": "Goldene Haut",
      "uri": "spotify:album:6hHPQt6kkAYEIvClEQczMu"
    },
    {
      "artist": "Matt Rysen",
      "album": "We Don't Care",
      "uri": "spotify:album:4xxp2MOxOWco9zcegctWAt"
    },
    {
      "artist": "Rick Riordan",
      "album": "Percy Jackson erzählt, Teil 1: Griechische Göttersagen",
      "uri": "spotify:album:28UWkBSC9aDIiN0v8fvDBN"
    },
    {
      "artist": "Tenno",
      "album": "The Prophecy",
      "uri": "spotify:album:7MjNMGg6bYPqEwP96VPOHt"
    },
    {
      "artist": "Raimu",
      "album": "Sleet",
      "uri": "spotify:album:3A0VXCOfzOHcRq1Arc1TxR"
    },
    {
      "artist": "Rick Riordan",
      "album": "Das Haus des Hades",
      "uri": "spotify:album:2dniFgrq8iqwmnccL8T3rA"
    },
    {
      "artist": "Far Out",
      "album": "Lost with You",
      "uri": "spotify:album:2YLLnl7DRQNaFQ8oz0qEGB"
    },
    {
      "artist": "Ship Wrek",
      "album": "Stranded - EP",
      "uri": "spotify:album:7dAwe5gLMsBfZI5FPrcR2C"
    },
    {
      "artist": "Nurko",
      "album": "Promise Me",
      "uri": "spotify:album:6uG3ulup1GjZuv51AFHTCD"
    },
    {
      "artist": "DaniSogen",
      "album": "Night",
      "uri": "spotify:album:5mc0SpLjuOdUe4YquxUYHm"
    },
    {
      "artist": "Rick Riordan",
      "album": "Percy Jackson erzählt, Teil 2: Griechische Heldensagen",
      "uri": "spotify:album:5XcdVKVwWg8eO78APun9Tp"
    },
    {
      "artist": "Rick Riordan",
      "album": "Percy Jackson, Teil 2: Im Bann des Zyklopen",
      "uri": "spotify:album:3na8C2QkJn9xklwYBx7OBk"
    },
    {
      "artist": "LEVR",
      "album": "Castles",
      "uri": "spotify:album:4GNMGmBCAKqrvkaG909xLT"
    },
    {
      "artist": "Monstercat",
      "album": "Monstercat Instinct Vol. 4",
      "uri": "spotify:album:088ajb0S5AgFOfIWsu9luc"
    },
    {
      "artist": "Rick Riordan",
      "album": "Percy Jackson, Teil 3: Der Fluch des Titanen",
      "uri": "spotify:album:7rkZYTz8gzxcmZb5ZeknZe"
    },
    {
      "artist": "Rick Riordan",
      "album": "Helden des Olymp, Teil 3: Das Zeichen der Athene",
      "uri": "spotify:album:6RNAR9zbSRtIXDHDux8eXv"
    },
    {
      "artist": "Rick Riordan",
      "album": "The Maze of Bones",
      "uri": "spotify:album:1mOWLNgOlIXmyYEgLZN0SQ"
    },
    {
      "artist": "DaniSogen",
      "album": "The Equilibrium",
      "uri": "spotify:album:5gnvSc5zztBfd5SDEcVbv9"
    },
    {
      "artist": "Julien Bam",
      "album": "Baba in deiner Stadt",
      "uri": "spotify:album:5e78J4HFS5GmHDjajAKVPq"
    },
    {
      "artist": "Raimu",
      "album": "Wayfarers",
      "uri": "spotify:album:0beO2UhppS9pu3onbaISn5"
    },
    {
      "artist": "Evernone",
      "album": "Hurts Like Hell",
      "uri": "spotify:album:6vOSCJBGJPfLmiFHhMEmgB"
    },
    {
      "artist": "Rick Riordan",
      "album": "Percy Jackson, Teil 1: Diebe im Olymp",
      "uri": "spotify:album:7oIspnBublEexB6ZwcS1Cf"
    },
    {
      "artist": "Snavs",
      "album": "Snazur",
      "uri": "spotify:album:46PRAEsLoI0prL4JIJ1oXZ"
    },
    {
      "artist": "Raimu",
      "album": "Meditative Flow",
      "uri": "spotify:album:5SYTxJBrpXOIU3SikycOhe"
    },
    {
      "artist": "DaniSogen",
      "album": "The Magic Unfolds",
      "uri": "spotify:album:5dX5B0O4o09Bgh7OU1ZxNL"
    },
    {
      "artist": "Raimu",
      "album": "Hebi",
      "uri": "spotify:album:5iTtSYY4XDLTT0cFkvnjIz"
    },
    {
      "artist": "Julien Bam",
      "album": "Ja nein vielleicht",
      "uri": "spotify:album:3OwKTutpOBarrq4mbyzvtB"
    },
    {
      "artist": "Rick Riordan",
      "album": "Helden des Olymp, Teil 1: Der verschwundene Halbgott",
      "uri": "spotify:album:2ul1tJEU6DfFcNNVX1Q3Dg"
    },
    {
      "artist": "Ship Wrek",
      "album": "Bloodstream",
      "uri": "spotify:album:7Ea4V03geLNOCx4KzYXVim"
    },
    {
      "artist": "Far Out",
      "album": "Bridges in Time",
      "uri": "spotify:album:4J2jA84x9Eq9g6dOJZoQN0"
    },
    {
      "artist": "DaniSogen",
      "album": "Waltz of Sadness",
      "uri": "spotify:album:0zMNmBttIrplVrKYt9dFCI"
    },
    {
      "artist": "DaniSogen",
      "album": "Hanagasumi",
      "uri": "spotify:album:5VpqA4iVi5Fo7bMkbnqRQB"
    },
    {
      "artist": "Rick Riordan",
      "album": "Percy Jackson, Teil 5: Die letzte Göttin",
      "uri": "spotify:album:6g5kDQkK6hip8lEhSqT0Fl"
    },
    {
      "artist": "Harry Gregson-Williams",
      "album": "The Martian: Original Motion Picture Score",
      "uri": "spotify:album:17o7ljUmsa9MusgN2BjXwV"
    },
    {
      "artist": "Regard",
      "album": "Ride It",
      "uri": "spotify:album:6DPGJNJf9crOOe2pyRjF6S"
    },
    {
      "artist": "Tenno",
      "album": "Legends of the Past",
      "uri": "spotify:album:7ezKJVdp9kzLZZfpzPZ8w3"
    },
    {
      "artist": "Leonell Cassio",
      "album": "Sittin' Throwin' Rocks",
      "uri": "spotify:album:1AyAswH53shUVg4AdQBdEQ"
    },
    {
      "artist": "League of Legends",
      "album": "Warriors",
      "uri": "spotify:album:0uyb1O2aodxewxYrAHzqIn"
    },
    {
      "artist": "Hans Zimmer",
      "album": "Interstellar (Original Motion Picture Soundtrack)",
      "uri": "spotify:album:3N8fGhRcHWqyy0SfWa92H0"
    },
    {
      "artist": "DaniSogen",
      "album": "A World of Illusion",
      "uri": "spotify:album:6rEEH6Et9T6xFrFYq2m5mp"
    },
    {
      "artist": "DaniSogen",
      "album": "The Traditions",
      "uri": "spotify:album:36MvBixAb0S2EN1rxNr0wn"
    },
    {
      "artist": "DaniSogen",
      "album": "Mountain Trail",
      "uri": "spotify:album:7MKhgHTNGbgMlLXBxmQDKv"
    },
    {
      "artist": "League of Legends",
      "album": "Burn It All Down",
      "uri": "spotify:album:5naDVIaa86uI8sLdEJrTko"
    },
    {
      "artist": "Kygo",
      "album": "Cloud Nine",
      "uri": "spotify:album:0uMIzWh1uEpHEBell4rlF8"
    },
    {
      "artist": "Hans Zimmer",
      "album": "Interstellar (Original Motion Picture Soundtrack)",
      "uri": "spotify:album:3eF9Cy1803Msb9Ney0rfqW"
    },
    {
      "artist": "ROY KNOX",
      "album": "Blue Eyed Demon",
      "uri": "spotify:album:56RWfUyLC9MqxUSa5XPNbt"
    },
    {
      "artist": "Regard",
      "album": "Ride It",
      "uri": "spotify:album:1dj3NqiCcab74B475goudR"
    },
    {
      "artist": "O-Zone",
      "album": "DiscO-Zone",
      "uri": "spotify:album:6PjtMUreqr5TRxvt9onUUf"
    }
  ],
  "shows": [
    {
      "name": "ASMR Sex",
      "publisher": "ewgGE",
      "uri": "spotify:show:5OBv0DSirLTlwP5DrktEv2"
    },
    {
      "name": "Data Science at Home",
      "publisher": "Francesco Gadaleta",
      "uri": "spotify:show:57AJ6GiMDPVBLGRqvjeoz6"
    },
    {
      "name": "Data Science mit Milch und Zucker",
      "publisher": "Prof. Dr. René Brunner",
      "uri": "spotify:show:6hSzpRbjgnXaUxU6nt1f1H"
    },
    {
      "name": "Early Access PyCharm",
      "publisher": "JetBrains",
      "uri": "spotify:show:1rH3mBASLXxaYkZuloiyn6"
    },
    {
      "name": "Fest & Flauschig",
      "publisher": "Jan Böhmermann & Olli Schulz",
      "uri": "spotify:show:1OLcQdw2PFDPG1jo3s0wbp"
    },
    {
      "name": "Machine Learning Guide",
      "publisher": "Dept",
      "uri": "spotify:show:5M9yZpSyF1jc7uFp2MlhP9"
    },
    {
      "name": "Naked Data Science",
      "publisher": "Naked Data Science",
      "uri": "spotify:show:4Sacw5UzY7utm6coTEHS0h"
    },
    {
      "name": "Niklas und Konsorten",
      "publisher": "Niklas Steenfatt",
      "uri": "spotify:show:6HSJIxbH7yoD4EW5IV8ogs"
    },
    {
      "name": "Python Course",
      "publisher": "Startup Center",
      "uri": "spotify:show:7I5YdGO1jGUqtzHDVGXDvu"
    },
    {
      "name": "Python Podcast",
      "publisher": "Jochen Wersdörfer / Dominik Geldmacher",
      "uri": "spotify:show:5AvPhPaP1ZNSjNUXY3Gf6M"
    },
    {
      "name": "Talk Python To Me",
      "publisher": "Michael Kennedy (@mkennedy)",
      "uri": "spotify:show:6nf8IU27IPFBcKqYIJfB1A"
    },
    {
      "name": "Teaching Python",
      "publisher": "Sean Tibor and Kelly Paredes",
      "uri": "spotify:show:3dcJgPzmDn6JXn1eoZvnjH"
    },
    {
      "name": "The Python Podcast.__init__",
      "publisher": "Tobias Macey",
      "uri": "spotify:show:5LblXHyyIfoGOL8s3ZcCxe"
    },
    {
      "name": "The Real Python Podcast",
      "publisher": "Real Python",
      "uri": "spotify:show:41Av6Rq81LfOT3Volz7W9D"
    },
    {
      "name": "Towards Data Science",
      "publisher": "The TDS team ",
      "uri": "spotify:show:63diy2DtpHzQfeNVxAPZgU"
    }
  ],
  "episodes": [
    {
      "name": "MLG 002 What is AI, ML, DS",
      "show": "Machine Learning Guide",
      "uri": "spotify:episode:1o7YUm1lD9AHyU1j7OCqgc"
    },
    {
      "name": "MLG 001 Introduction",
      "show": "Machine Learning Guide",
      "uri": "spotify:episode:2LVxJlD5WDCfvgJCmAHgrc"
    },
    {
      "name": "Böhmi sicko",
      "show": "Fest & Flauschig",
      "uri": "spotify:episode:3ILVKrf3qAUnAyaBR3Uvkk"
    },
    {
      "name": "Don’t stand so close to me",
      "show": "Fest & Flauschig",
      "uri": "spotify:episode:0jNjNNJHP1ctUCbYTbuabm"
    },
    {
      "name": "Olli ist Nichtraucher",
      "show": "Fest & Flauschig",
      "uri": "spotify:episode:6heWVn4gRnauPefEYZQiR8"
    },
    {
      "name": "1 - Welcome to Naked Data Science",
      "show": "Naked Data Science",
      "uri": "spotify:episode:4KDAjlIHvUzIKmxbkRwzEg"
    },
    {
      "name": "2 - Am I doing real data science work?",
      "show": "Naked Data Science",
      "uri": "spotify:episode:20F0ZXIvGiJx0oOfVIQWHc"
    },
    {
      "name": "#26: Esther Lioba – Studienwechsel, Auslandsjahr und Harry Potter",
      "show": "Niklas und Konsorten",
      "uri": "spotify:episode:7AN4VdChz7kzBVi2MVSnbf"
    },
    {
      "name": "#11: Redefabrik – Toxische Männlichkeit, Charisma und das Erkennen von Lügen",
      "show": "Niklas und Konsorten",
      "uri": "spotify:episode:0eamvcJl0kt9YTDlV0jVqc"
    },
    {
      "name": "#31: Unternehmensmentor – Studieren vs Hustlen, was macht wirklich erfolgreich?",
      "show": "Niklas und Konsorten",
      "uri": "spotify:episode:6KhPgtZXEZG6OF75PKTfP0"
    },
    {
      "name": "#4: DerSchulte – Viralität, rassistische Witze und Hass auf Social Media",
      "show": "Niklas und Konsorten",
      "uri": "spotify:episode:59tGM8CrX0qnoku2D4izmL"
    },
    {
      "name": "#10: Cambridge | Palantir | CTO eines KI-Startups",
      "show": "Niklas und Konsorten",
      "uri": "spotify:episode:1eagAjcIjiKjp8MRNaYVoB"
    },
    {
      "name": "#5: MrLuchs – Geld verdienen mit den eigenen Spielen",
      "show": "Niklas und Konsorten",
      "uri": "spotify:episode:37abgjxVKR4V0UGCwkFpNc"
    },
    {
      "name": "#24: Frauenquoten, IQ-Tests vs Abiturnoten, Einstellung per KI",
      "show": "Niklas und Konsorten",
      "uri": "spotify:episode:5huQLZLR8AD57RogxU96O7"
    },
    {
      "name": "#8: Prof. Lemeshko – Die Gefahren von KI, YouTube und Verschwörungstheorien",
      "show": "Niklas und Konsorten",
      "uri": "spotify:episode:2HkNdDPbJYrG5Kf8QSzOOa"
    },
    {
      "name": "#12: Dr. Aaron Brückner – Fashion Model mit Doktortitel?!",
      "show": "Niklas und Konsorten",
      "uri": "spotify:episode:1qXF30rwUtEa92ahox4zPr"
    },
    {
      "name": "#21: Ethische KI-Forschung bei Facebook | Cambridge-Bewerbung | Competitive Coding",
      "show": "Niklas und Konsorten",
      "uri": "spotify:episode:4oYCwh6cHa5gClMIRnLcUB"
    },
    {
      "name": "#30: USA vs Deutschland: College-Leben, Sex Ed, Beschneidung, Oberflächlichkeit und Optimismus",
      "show": "Niklas und Konsorten",
      "uri": "spotify:episode:61uBtvuiq1O33fr3YPglSN"
    },
    {
      "name": "#23: Q&A – Informatikstudium, Privatleben, Hochbegabung uvm.",
      "show": "Niklas und Konsorten",
      "uri": "spotify:episode:7a4tYD2Xo3XfG7yJTKzMZO"
    },
    {
      "name": "#2: Rebecca Elizabeth – Sexismus, Bikulturalität und Produktivitätshype",
      "show": "Niklas und Konsorten",
      "uri": "spotify:episode:6ay1MhPwjPbilt9aEn2QHx"
    },
    {
      "name": "#29: Globaler Wikipedia-Administrator über Fakten, Folter und Fakenews",
      "show": "Niklas und Konsorten",
      "uri": "spotify:episode:5Lp0Wtc8ZPCyXMZHEyms9K"
    },
    {
      "name": "#3: LiveOverflow – Hacker als Beruf",
      "show": "Niklas und Konsorten",
      "uri": "spotify:episode:2gUxX08UbdtF0BBwaoDiYW"
    },
    {
      "name": "#7: Marvin Neumann – Morddrohung wegen YouTube, neutrale Journalisten und politisches Theater",
      "show": "Niklas und Konsorten",
      "uri": "spotify:episode:15xc7OP2ZVJLvSVx1EnY6K"
    },
    {
      "name": "#25: Luis Teichmann – Rettungsdienst, TikTok-Fame und Nacktfotos per DM",
      "show": "Niklas und Konsorten",
      "uri": "spotify:episode:00zPCaQHtkk8SjU7fqnMSG"
    },
    {
      "name": "#27: Uni-Präsident über Karriere, Informatik und Zukunft",
      "show": "Niklas und Konsorten",
      "uri": "spotify:episode:6cKxeLL1Ugpo1UXzUJ24Py"
    },
    {
      "name": "#6: GM Huschenbeth – Zwischen Psychologie und Profischach",
      "show": "Niklas und Konsorten",
      "uri": "spotify:episode:2D26854BNLoazqWRFiWWZJ"
    },
    {
      "name": "#20: The Morpheus Tutorials – YouTube-Einnahmen, Datenschutz, Bildungspolitik und Windows",
      "show": "Niklas und Konsorten",
      "uri": "spotify:episode:3whtZJdq2ky8yXYHPvuk1R"
    },
    {
      "name": "#28: Oxford, LSE und Elite-Stipendien ohne Gymnasialempfehlung",
      "show": "Niklas und Konsorten",
      "uri": "spotify:episode:5EswakFqVl95FSdTR41QzE"
    },
    {
      "name": "#18: skate702 – Informatik, Musik und seine Entscheidung zur Wissenschaft",
      "show": "Niklas und Konsorten",
      "uri": "spotify:episode:3oxcN0dt3HHUU0bajbORtl"
    },
    {
      "name": "#19: David Döbele – Fake-Gurus, Startups und das Leben in Bangkok",
      "show": "Niklas und Konsorten",
      "uri": "spotify:episode:6EOBs92aGCk4OdMdbHIbkH"
    },
    {
      "name": "#9: Prof. Rieck – Elon Musk, Spieltheorie und Herrenmode",
      "show": "Niklas und Konsorten",
      "uri": "spotify:episode:39nMdOKfVgjh11lfKLYsg3"
    },
    {
      "name": "Die Arbeit mit Daten",
      "show": "Data Science mit Milch und Zucker",
      "uri": "spotify:episode:1DqFfpTdmv9XinMZSEVAXg"
    },
    {
      "name": "Learning Python Through Errors",
      "show": "The Real Python Podcast",
      "uri": "spotify:episode:6TugV5QLAcCUqMeHl5szmv"
    },
    {
      "name": "Python Course - Python Programming Basics - Numbers,String Manipulation and Boolean Operators",
      "show": "Python Course",
      "uri": "spotify:episode:1M44QTbztTSRYpUsqHB041"
    },
    {
      "name": "Python Course - Introduction to Python Course",
      "show": "Python Course",
      "uri": "spotify:episode:7KzK3t3ACJkLPZj5ECDUt5"
    },
    {
      "name": "Python Course - Getting started with Python & PyCharm IDE",
      "show": "Python Course",
      "uri": "spotify:episode:0jW8gKxzzxZSxcUJyLtnOE"
    },
    {
      "name": "Hardspace: Shipbreaker",
      "show": "Unity – Behind the Game",
      "uri": "spotify:episode:2asfrBQHgmoLjXUotSy15k"
    },
    {
      "name": "Battletoads",
      "show": "Unity – Behind the Game",
      "uri": "spotify:episode:4lfWwFVD06wElWT0Xfqatr"
    },
    {
      "name": "Little Orpheus",
      "show": "Unity – Behind the Game",
      "uri": "spotify:episode:6fkSLfsSNrsX8qGVaXvF9Y"
    }
  ],
  "bannedTracks": [
    {
      "artist": "3rd Prototype",
      "album": "I Know",
      "track": "I Know",
      "uri": "spotify:track:2ywx0zy4Nj7aQ9jXZL3Mlh"
    },
    {
      "artist": "Axol",
      "album": "Shots Fired",
      "track": "Shots Fired",
      "uri": "spotify:track:34rZen8H34GuoqNq3Byaut"
    }
  ],
  "artists": [
    {
      "name": "(G)I-DLE",
      "uri": "spotify:artist:2AfmfGFbe0A0WsTYm0SDTx"
    },
    {
      "name": "Alok",
      "uri": "spotify:artist:0NGAZxHanS9e0iNHpR8f2W"
    },
    {
      "name": "CHENDA",
      "uri": "spotify:artist:38HqxBtUpMunEP3kKLjEby"
    },
    {
      "name": "ChilledCow",
      "uri": "spotify:artist:5lYIovAuRzHZLXAZ2UgVmz"
    },
    {
      "name": "DaniSogen",
      "uri": "spotify:artist:7igN8kqLCyyGn6QoVmB6CO"
    },
    {
      "name": "Egzod",
      "uri": "spotify:artist:3exvMmrLV6o4R42YnG3Id6"
    },
    {
      "name": "Fang The Great",
      "uri": "spotify:artist:5zIHSNXG6XT2E4YX8NygsS"
    },
    {
      "name": "Far Out",
      "uri": "spotify:artist:7aB2KbM3pphL9mU3dXbyh2"
    },
    {
      "name": "Future",
      "uri": "spotify:artist:1RyvyyTE3xzB2ZywiAwp0i"
    },
    {
      "name": "Julien Bam",
      "uri": "spotify:artist:5Jm4syNxe3BMFMlgPajszM"
    },
    {
      "name": "K/DA",
      "uri": "spotify:artist:4gOc8TsQed9eqnqJct2c5v"
    },
    {
      "name": "KitschKrieg",
      "uri": "spotify:artist:5tHiL8SKSaZGMBUPIiSmX4"
    },
    {
      "name": "Kujah",
      "uri": "spotify:artist:2rsFdirOhNFCvR7XQKMIBp"
    },
    {
      "name": "Levianth",
      "uri": "spotify:artist:1kTBGIBgFuqaxbdeXX3L6H"
    },
    {
      "name": "Logic",
      "uri": "spotify:artist:4xRYI6VqpkE3UwrDrAZL8L"
    },
    {
      "name": "Miza",
      "uri": "spotify:artist:3lKmmMsRcJyWWZ7yUbpH5S"
    },
    {
      "name": "R3load",
      "uri": "spotify:artist:1BrSqjT6kUGdvieY1FYlZ9"
    },
    {
      "name": "RAF Camora",
      "uri": "spotify:artist:0Dvx6p8JDyzeOPGmaCIH1L"
    },
    {
      "name": "Raimu",
      "uri": "spotify:artist:4PMAJlYIlc9EafX6z8lwZ3"
    },
    {
      "name": "StaySolidRocky",
      "uri": "spotify:artist:1XLWox9w1Yvbodui0SRhUQ"
    },
    {
      "name": "Thr13tn",
      "uri": "spotify:artist:1C3qb5czyoPMhiTRFM86EQ"
    },
    {
      "name": "Travis Scott",
      "uri": "spotify:artist:0Y5tJX1MQlPlqiwlOH1tJY"
    },
    {
      "name": "Ulmo Ocin",
      "uri": "spotify:artist:2D8f584F0jGCHHhwLNaqcz"
    }
  ],
  "bannedArtists": [
  ],
  "other": [
    "spotify:local:it%27s+different%3B+Broderick+Jones::it%27s+different+-+Pokemon+%C3%9C+%28feat.+Broderick+Jones%29:193"
  ]
}